OrderID,OrderDate,CustomerID,CustomerName,Region,City,Segment,Product,Category,Quantity,UnitPrice,DiscountPercent,TotalSales,PaymentMethod
10001,2026-02-18,C058,Anvi Konda,South,Bengaluru,Consumer,Laptop,Electronics,3,55000,5,156750.0,UPI
10002,2025-09-18,C008,Gagan Sami,South,Bengaluru,Consumer,Webcam,Accessories,4,2800,0,11200.0,Credit Card
10003,2025-07-10,C144,Tejas Kaul,West,Mumbai,Consumer,Pen Drive,Accessories,5,700,0,3500.0,Net Banking
10004,2025-12-30,C002,Rushil Saini,East,Kolkata,Consumer,Mouse,Electronics,4,900,10,3240.0,Cash
10005,2025-09-17,C087,Abeer Dutta,North,Delhi,Consumer,Headphones,Electronics,2,3200,5,6080.0,UPI
10006,2026-03-11,C155,,East,Kolkata,Corporate,Monitor,Electronics,3,14000,10,37800.0,UPI
10007,2025-09-15,C021,Harsh Chanda,West,Ahmedabad,Home Office,Pen Drive,Accessories,1,700,15,595.0,Debit Card
10008,2025-11-15,C012,Hemangini Lalla,North,Delhi,Home Office,Webcam,Accessories,2,2800,0,5600.0,Credit Card
10009,2026-04-20,C098,Jeet Radhakrishnan,West,Pune,Corporate,Monitor,Electronics,2,14000,0,28000.0,Cash
10010,2025-07-27,C054,Janaki Handa,North,Delhi,Home Office,Keyboard,Electronics,3,1800,10,4860.0,Debit Card
10011,2026-03-13,C042,Vedant Mann,South,Bengaluru,Corporate,Webcam,Accessories,2,2800,5,5320.0,Cash
10012,2026-06-24,C015,Harrison Rai,West,Pune,Consumer,Pen Drive,Accessories,2,700,10,1260.0,UPI
10013,2025-10-08,C055,Nicholas Prabhakar,North,Delhi,Home Office,Office Chair,Furniture,3,8500,0,25500.0,Debit Card
10014,2025-11-06,C037,Ekbal Garg,West,Mumbai,Corporate,Desk,Furniture,4,12000,15,40800.0,Credit Card
10015,2026-01-10,C150,Nihal Shere,West,Mumbai,Corporate,Pen Drive,Accessories,5,700,10,3150.0,Net Banking
10016,2025-11-14,C131,Ekta Bhalla,East,Kolkata,Corporate,Printer,Electronics,2,9500,5,18050.0,UPI
10017,2025-09-20,C175,Diya Rattan,South,Hyderabad,Corporate,Monitor,Electronics,2,14000,5,26600.0,Net Banking
10018,2025-10-04,C136,Divya Kala,South,Bengaluru,Corporate,Office Chair,Furniture,4,8500,15,28900.0,Net Banking
10019,2026-02-23,C165,Tara Dhar,South,Hyderabad,Corporate,Monitor,Electronics,5,14000,10,63000.0,
10020,2025-10-03,C001,Adya Sangha,West,Pune,Home Office,Office Chair,Furniture,2,8500,15,14450.0,Debit Card
10021,2026-05-23,C164,Janaki Kanda,South,Chennai,Home Office,Pen Drive,Accessories,1,700,10,630.0,Net Banking
10022,2026-06-29,C139,Yashodhara Tak,West,Mumbai,Home Office,Keyboard,Electronics,3,1800,5,5130.0,UPI
10023,2025-08-01,C093,Imaran Dua,North,Delhi,Corporate,Desk,Furniture,1,12000,0,12000.0,Credit Card
10024,2026-02-13,C022,Devansh Rajan,South,Hyderabad,Home Office,Mouse,Electronics,5,900,0,4500.0,Cash
10025,2025-11-15,C169,Zayan Apte,South,Bengaluru,Corporate,Pen Drive,Accessories,2,700,5,1330.0,Net Banking
10026,2026-03-04,C055,Amara Oak,South,Chennai,Home Office,Headphones,Electronics,5,3200,15,13600.0,Credit Card
10027,2025-08-08,C133,Nakul Setty,West,Pune,Corporate,Office Chair,Furniture,3,8500,15,21675.0,UPI
10028,2025-06-30,C006,Xiti Gokhale,West,Mumbai,Home Office,Mouse,Electronics,1,900,10,810.0,Net Banking
10029,2025-12-31,C019,Chanchal Tripathi,West,Mumbai,Home Office,Webcam,Accessories,2,2800,0,5600.0,UPI
10030,2026-02-06,C019,Kashvi Edwin,West,Mumbai,Home Office,Monitor,Electronics,1,14000,10,12600.0,Credit Card
10031,2026-01-12,C147,Ekiya Suresh,West,Pune,Home Office,Desk,Furniture,2,12000,5,22800.0,Cash
10032,2025-07-06,C025,Damyanti Khatri,West,Mumbai,Consumer,Desk,Furniture,4,12000,5,45600.0,Cash
10033,2025-07-20,C014,Frederick Sunder,North,Delhi,Home Office,Office Chair,Furniture,4,8500,15,28900.0,UPI
10034,2026-04-23,C064,Kabir Soman,South,Hyderabad,Consumer,Office Chair,Furniture,3,8500,0,25500.0,Credit Card
10035,2026-06-10,C072,Alka Wable,West,Ahmedabad,Corporate,Keyboard,Electronics,4,1800,5,6840.0,Credit Card
10036,2026-05-14,C013,Siddharth Zacharia,South,Bengaluru,Home Office,Desk,Furniture,5,12000,0,,Net Banking
10037,2026-04-01,C105,Devika Rastogi,South,Hyderabad,Corporate,Monitor,Electronics,2,14000,5,26600.0,Cash
10038,2026-06-28,C098,Raksha Varughese,West,Mumbai,Consumer,Office Chair,Furniture,1,8500,5,8075.0,Cash
10039,2025-12-11,C179,Umang Bhatt,West,Pune,Home Office,Desk,Furniture,3,12000,15,30600.0,Net Banking
10040,2025-10-30,C056,Thomas Amble,West,Ahmedabad,Consumer,Keyboard,Electronics,2,1800,10,3240.0,Net Banking
10041,2025-07-24,C150,Veer Bir,South,Hyderabad,Corporate,Printer,Electronics,1,9500,0,9500.0,Net Banking
10042,2026-05-26,C048,Ekavir Varkey,South,Chennai,Consumer,Laptop,Electronics,5,55000,0,275000.0,Net Banking
10043,2025-09-24,C146,Tanish Zacharia,South,Bengaluru,Consumer,Mouse,Electronics,4,900,0,3600.0,Net Banking
10044,2025-08-16,C169,Xavier Solanki,South,Hyderabad,Home Office,Webcam,Accessories,1,2800,15,2380.0,Net Banking
10045,2026-04-20,C062,Girindra Chatterjee,North,Delhi,Corporate,Headphones,Electronics,2,3200,10,5760.0,Cash
10046,2026-02-25,C019,Pallavi Roy,South,Chennai,Consumer,Headphones,Electronics,4,3200,10,11520.0,Cash
10047,2025-12-16,C130,Guneet Bhat,South,Bengaluru,Corporate,Monitor,Electronics,5,14000,5,66500.0,Credit Card
10048,2025-11-23,C073,Ikbal Kothari,North,Delhi,Consumer,Monitor,Electronics,2,14000,10,25200.0,Cash
10049,2025-09-07,C171,Logan Sami,West,Pune,Home Office,Webcam,Accessories,5,2800,0,14000.0,Debit Card
10050,2025-09-04,C028,Zaid Borra,South,Bengaluru,Home Office,Keyboard,Electronics,3,1800,0,5400.0,Net Banking
10051,2025-12-08,C088,Chandresh Zachariah,South,Chennai,Consumer,Headphones,Electronics,3,3200,5,9120.0,Debit Card
10052,2026-04-30,C163,Warjas Ganesan,West,Ahmedabad,Corporate,Headphones,Electronics,1,3200,0,3200.0,Debit Card
10053,2025-11-24,C164,Tanay Rattan,South,Hyderabad,Corporate,Laptop,Electronics,3,55000,5,156750.0,Credit Card
10054,2026-05-25,C029,Ladli Agate,West,Ahmedabad,Consumer,Pen Drive,Accessories,4,700,0,2800.0,Credit Card
10055,2026-06-24,C111,Suhani Mangal,South,Hyderabad,Consumer,Printer,Electronics,5,9500,5,45125.0,UPI
10056,2025-11-30,C054,Mohammed Gupta,West,Pune,Home Office,Printer,Electronics,1,9500,10,8550.0,Credit Card
10057,2025-10-15,C159,Darsh Murthy,South,Bengaluru,Home Office,Printer,Electronics,5,9500,15,40375.0,Credit Card
10058,2025-07-19,C007,Yadavi Wali,West,Mumbai,Consumer,Keyboard,Electronics,2,1800,15,3060.0,Debit Card
10059,2025-08-25,C180,Quincy Biswas,East,Kolkata,Consumer,Mouse,Electronics,3,900,5,2565.0,Cash
10060,2026-02-01,C118,Netra Dar,South,Hyderabad,Corporate,Desk,Furniture,2,12000,5,22800.0,Debit Card
10061,2026-06-08,C103,Balveer Bumb,West,hyderabad,Corporate,Mouse,Electronics,1,900,5,855.0,Debit Card
10062,2025-11-29,C174,Advika Jayaraman,South,Bengaluru,Home Office,Headphones,Electronics,3,3200,15,8160.0,Debit Card
10063,2026-03-01,C149,William Lanka,South,Hyderabad,Corporate,Monitor,Electronics,3,14000,5,39900.0,UPI
10064,2025-11-20,C081,Tanvi Mutti,South,Bengaluru,Corporate,Webcam,Accessories,4,2800,10,10080.0,Net Banking
10065,2026-06-04,C066,Aditya Shanker,South,Bengaluru,Consumer,Office Chair,Furniture,5,8500,5,40375.0,Cash
10066,2026-02-11,C094,Ethan Yogi,South,Hyderabad,Corporate,Pen Drive,Accessories,5,700,5,3325.0,UPI
10067,2025-09-15,C077,Kevin Palla,North,Delhi,Home Office,Webcam,Accessories,3,2800,0,8400.0,Debit Card
10068,2026-05-17,C142,Kala Mane,East,Kolkata,Consumer,Printer,Electronics,4,9500,10,34200.0,Credit Card
10069,2025-08-25,C104,Abhiram Mistry,East,Kolkata,Home Office,Office Chair,Furniture,2,8500,10,15300.0,UPI
10070,2026-06-05,C149,Krish Lalla,West,Pune,Home Office,Headphones,Electronics,2,3200,15,5440.0,Debit Card
10071,2025-08-10,C131,Nachiket Magar,West,Ahmedabad,Corporate,Desk,Furniture,4,12000,5,45600.0,Credit Card
10072,2025-10-10,C024,Hemal Jani,South,Bengaluru,Consumer,Headphones,Electronics,5,3200,10,14400.0,Debit Card
10073,2026-03-07,C012,Yashasvi Suresh,West,Mumbai,Consumer,Mouse,Electronics,2,900,0,1800.0,Cash
10074,2025-09-28,C179,George Sampath,South,Bengaluru,Corporate,Desk,Furniture,4,12000,5,45600.0,Cash
10075,2026-04-28,C028,Aarush Nath,East,Kolkata,Corporate,Mouse,Electronics,2,900,0,1800.0,Credit Card
10076,2026-04-07,C143,Neel Sathe,South,Chennai,Consumer,Pen Drive,Accessories,4,700,0,2800.0,UPI
10077,2026-01-16,C114,Aditya Choudhury,West,Ahmedabad,Home Office,Keyboard,Electronics,4,1800,10,6480.0,Net Banking
10078,2025-07-26,C122,Balendra Pingle,East,Kolkata,Corporate,Pen Drive,Accessories,4,700,5,2660.0,Debit Card
10079,2026-01-28,C161,Qushi Datta,West,Mumbai,Consumer,Headphones,Electronics,5,3200,15,13600.0,Debit Card
10080,2025-07-14,C070,Balveer Parmar,West,Ahmedabad,Corporate,Monitor,Electronics,3,14000,5,39900.0,Debit Card
10081,2025-09-13,C099,Harshil Pandya,South,Bengaluru,Home Office,Keyboard,Electronics,2,1800,5,3420.0,Credit Card
10082,2026-04-10,C085,Mohammed Khalsa,West,Mumbai,Home Office,Monitor,Electronics,4,14000,15,47600.0,Cash
10083,2026-05-11,C100,Nitara Bakshi,East,Kolkata,Home Office,Laptop,Electronics,2,55000,15,93500.0,UPI
10084,2025-09-02,C077,Nisha Kothari,East,Kolkata,Corporate,Desk,Furniture,1,12000,10,10800.0,Cash
10085,2025-10-04,C112,Lavanya Barad,West,Mumbai,Corporate,Desk,Furniture,2,12000,10,21600.0,UPI
10086,2026-05-09,C120,Ryan Sharma,East,Kolkata,Consumer,Printer,Electronics,4,9500,5,36100.0,Net Banking
10087,2025-11-03,C022,Udant Bajwa,South,Hyderabad,Home Office,Office Chair,Furniture,5,8500,0,42500.0,Cash
10088,2026-02-25,C067,Falguni Mallick,South,Chennai,Corporate,Desk,Furniture,2,12000,0,24000.0,Debit Card
10089,2026-05-11,C098,Indali Upadhyay,West,Mumbai,Corporate,Desk,Furniture,3,12000,10,32400.0,Cash
10090,2025-11-22,C139,Ayaan D’Alia,West,Pune,Consumer,Monitor,Electronics,4,14000,0,56000.0,Debit Card
10091,2026-05-15,C064,Pranav Lanka,West,Mumbai,Consumer,Monitor,Electronics,1,14000,0,14000.0,UPI
10092,2025-07-13,C172,Hemani Murthy,South,Chennai,Consumer,Mouse,Electronics,2,900,15,1530.0,Net Banking
10093,2025-12-05,C043,Lekha Gupta,West,Mumbai,Home Office,Desk,Furniture,3,12000,10,32400.0,Net Banking
10094,2025-09-30,C149,Aarav Venkatesh,South,Bengaluru,Consumer,Keyboard,Electronics,3,1800,0,5400.0,Debit Card
10095,2026-06-02,C152,Januja Sankar,East,Kolkata,Home Office,Office Chair,Furniture,2,8500,0,17000.0,Credit Card
10096,2025-07-24,C145,Dipta Dash,South,Bengaluru,Consumer,Headphones,Electronics,5,3200,0,16000.0,Debit Card
10097,2026-03-19,C004,Yashica More,East,Kolkata,Corporate,Printer,Electronics,1,9500,10,8550.0,Cash
10098,2026-02-28,C040,Neha Merchant,South,Bengaluru,Corporate,Office Chair,Furniture,3,8500,15,21675.0,Credit Card
10099,2026-01-17,C120,Osha Raghavan,West,Pune,Corporate,Webcam,Accessories,5,2800,15,11900.0,Net Banking
10100,2026-03-03,C072,Charvi Ravi,West,Pune,Corporate,Printer,Electronics,2,9500,0,19000.0,Credit Card
10101,2026-01-15,C087,Daksha Mangat,West,Ahmedabad,Consumer,Webcam,Accessories,5,2800,15,11900.0,Cash
10102,2025-09-13,C091,Udyati Sathe,North,Delhi,Corporate,Keyboard,Electronics,4,1800,5,6840.0,Debit Card
10103,2025-12-07,C133,Yasti Solanki,West,Pune,Consumer,Webcam,Accessories,3,2800,0,8400.0,UPI
10104,2026-04-15,C177,Frado Mander,West,Mumbai,Corporate,Office Chair,Furniture,4,8500,5,32300.0,Cash
10105,2026-01-03,C057,Girik Keer,West,Ahmedabad,Corporate,Laptop,Electronics,1,55000,10,49500.0,Credit Card
10106,2026-03-02,C142,Rushil Din,West,Pune,Home Office,Webcam,Accessories,3,2800,15,7140.0,Debit Card
10107,2025-07-07,C180,Vaishnavi Bora,East,Kolkata,Corporate,Pen Drive,Accessories,3,700,10,1890.0,Debit Card
10108,2025-12-12,C050,Leena Talwar,West,Pune,Corporate,Headphones,Electronics,2,3200,0,6400.0,UPI
10109,2025-11-22,C071,Abdul Chhabra,South,Chennai,Home Office,Mouse,Electronics,2,900,15,1530.0,Net Banking
10110,2026-04-09,C059,Patrick Vasa,West,Pune,Corporate,Monitor,Electronics,2,14000,10,25200.0,Credit Card
10111,2025-12-16,C071,Jairaj Shan,West,Pune,Consumer,Laptop,Electronics,5,55000,5,261250.0,UPI
10112,2025-08-16,C004,Edhitha Savant,West,Pune,Home Office,Keyboard,Electronics,4,1800,0,7200.0,Debit Card
10113,2026-02-08,C048,Sanaya Dutt,West,Ahmedabad,Consumer,Desk,Furniture,4,12000,10,43200.0,Debit Card
10114,2026-03-28,C126,Shivani Lad,West,Ahmedabad,Consumer,Monitor,Electronics,1,14000,15,11900.0,Net Banking
10115,2026-03-31,C022,Vedhika Khare,South,Hyderabad,Consumer,Keyboard,Electronics,2,1800,10,3240.0,UPI
10116,2025-10-07,C134,Bhavika Keer,East,Kolkata,Corporate,Webcam,Accessories,5,2800,5,13300.0,Cash
10117,2025-10-06,C079,Faris Devi,West,Ahmedabad,Home Office,Headphones,Electronics,5,3200,15,13600.0,Net Banking
10118,2025-08-23,C161,Michael Kala,South,Hyderabad,Consumer,Webcam,Accessories,1,2800,5,2660.0,Debit Card
10119,2025-07-22,C142,Ganga Shukla,South,Bengaluru,Consumer,Keyboard,Electronics,2,1800,5,3420.0,Credit Card
10120,2025-11-28,C075,Osha Ramachandran,South,Hyderabad,Consumer,Office Chair,Furniture,4,8500,15,28900.0,Credit Card
10121,2026-05-26,C176,Lajita Sood,West,Pune,Consumer,Headphones,Electronics,4,3200,0,12800.0,Debit Card
10122,2025-07-01,C166,Chanchal Ramakrishnan,West,Mumbai,Consumer,Office Chair,Furniture,1,8500,5,8075.0,Debit Card
10123,2026-05-07,C079,Thomas Sura,South,Chennai,Home Office,Monitor,Electronics,1,14000,5,13300.0,Net Banking
10124,2025-09-17,C177,Vedika Balakrishnan,West,Pune,Corporate,Desk,Furniture,1,12000,15,10200.0,Cash
10125,2025-11-18,C113,Noah Sibal,West,Pune,Consumer,Pen Drive,Accessories,5,700,15,2975.0,Net Banking
10126,2026-05-31,C007,Meera Bala,South,Hyderabad,Consumer,Office Chair,Furniture,3,8500,10,22950.0,Credit Card
10127,2025-07-29,C045,Krishna Shenoy,South,Hyderabad,Corporate,Headphones,Electronics,5,3200,0,16000.0,Net Banking
10128,2025-09-03,C163,Ladli Narang,West,Ahmedabad,Corporate,Headphones,Electronics,2,3200,15,5440.0,UPI
10129,2025-09-14,C083,Geetika Raghavan,West,Ahmedabad,Home Office,Printer,Electronics,4,9500,10,34200.0,UPI
10130,2025-10-08,C074,Zayyan Bumb,South,Chennai,Home Office,Printer,Electronics,4,9500,15,32300.0,Cash
10131,2025-12-18,C065,Inaya Kapur,South,Hyderabad,Corporate,Desk,Furniture,1,12000,10,10800.0,UPI
10132,2026-02-21,C106,Azaan Kota,East,Kolkata,Consumer,Pen Drive,Accessories,1,700,15,595.0,Credit Card
10133,2025-09-09,C014,Michael Khare,North,Delhi,Consumer,Webcam,Accessories,4,2800,15,9520.0,Debit Card
10134,2025-08-14,C032,Tejas Shroff,South,Chennai,Consumer,Headphones,Electronics,4,3200,15,10880.0,Net Banking
10135,2026-03-12,C142,Oliver Contractor,West,Mumbai,Corporate,Keyboard,Electronics,3,1800,0,5400.0,UPI
10136,2026-04-09,C166,Deepa Chokshi,West,Mumbai,Consumer,Monitor,Electronics,4,14000,0,56000.0,Cash
10137,2026-01-26,C124,Keya Ranganathan,West,Pune,Corporate,Pen Drive,Accessories,3,700,15,1785.0,Credit Card
10138,2026-06-08,C049,Faqid Kibe,West,Ahmedabad,Home Office,Pen Drive,Accessories,2,700,15,1190.0,Net Banking
10139,2025-08-05,C088,Jai Barman,South,Chennai,Home Office,Monitor,Electronics,3,14000,15,35700.0,Debit Card
10140,2025-11-03,C039,Kamala Biswas,South,Hyderabad,Corporate,Headphones,Electronics,3,3200,15,8160.0,Net Banking
10141,2025-12-31,C117,Advik Salvi,West,Ahmedabad,Corporate,Printer,Electronics,3,9500,15,24225.0,Credit Card
10142,2026-04-25,C106,Rachita Pathak,West,Mumbai,Consumer,Webcam,Accessories,4,2800,5,10640.0,Debit Card
10143,2026-02-16,C127,Michael Saran,West,Ahmedabad,Consumer,Office Chair,Furniture,4,8500,5,32300.0,Credit Card
10144,2025-09-01,C135,Veda Shroff,North,Delhi,Corporate,Monitor,Electronics,4,14000,0,56000.0,UPI
10145,2025-12-05,C121,Ekantika Korpal,South,Chennai,Corporate,Office Chair,Furniture,2,8500,0,17000.0,Debit Card
10146,2026-04-29,C082,Arya Seshadri,East,Kolkata,Home Office,Monitor,Electronics,3,14000,15,35700.0,Cash
10147,2025-09-26,C162,Ladli Nayar,South,Hyderabad,Home Office,Webcam,Accessories,1,2800,5,2660.0,Debit Card
10148,2025-07-09,C163,Qabil Sura,West,Mumbai,Home Office,Monitor,Electronics,4,14000,0,56000.0,UPI
10149,2025-09-14,C012,Harini Mammen,West,Ahmedabad,Corporate,Keyboard,Electronics,3,1800,0,5400.0,UPI
10150,2026-05-17,C038,Advaith Varughese,West,Pune,Consumer,Printer,Electronics,3,9500,15,24225.0,Net Banking
10151,2026-06-10,C045,Wyatt Ray,East,Kolkata,Consumer,Webcam,Accessories,2,2800,5,5320.0,Net Banking
10152,2025-12-24,C150,Vamakshi Swaminathan,East,Kolkata,Consumer,Webcam,Accessories,2,2800,15,4760.0,Credit Card
10153,2025-12-10,C171,Girik Menon,West,Ahmedabad,Consumer,Headphones,Electronics,4,3200,10,11520.0,Cash
10154,2025-09-18,C114,Damini Pillay,West,Pune,Corporate,Pen Drive,Accessories,2,700,0,1400.0,Net Banking
10155,2025-12-19,C078,Pavani Narayanan,West,Pune,Consumer,Office Chair,Furniture,3,8500,15,21675.0,Cash
10156,2025-11-04,C147,Anika Mohan,West,Ahmedabad,Corporate,Monitor,Electronics,2,14000,15,23800.0,Net Banking
10157,2025-09-29,C071,Reyansh Mutti,West,Pune,Consumer,Headphones,Electronics,1,3200,15,2720.0,Net Banking
10158,2025-08-11,C059,Rehaan Kalita,South,Hyderabad,Home Office,Webcam,Accessories,4,2800,10,10080.0,Debit Card
10159,2026-03-26,C174,Barkha Chaudhry,West,Mumbai,Home Office,Mouse,Electronics,5,900,10,4050.0,Credit Card
10160,2026-04-29,C009,Utkarsh Patel,South,Bengaluru,Home Office,Laptop,Electronics,3,55000,15,140250.0,Debit Card
10161,2025-09-02,C107,Jonathan Mahal,South,Chennai,Consumer,Monitor,Electronics,3,14000,10,37800.0,Credit Card
10162,2025-07-15,C043,Brinda Date,South,Chennai,Corporate,Pen Drive,Accessories,3,700,10,1890.0,Cash
10163,2026-02-17,C020,Harshil Arora,West,Pune,Consumer,Printer,Electronics,1,9500,15,8075.0,Credit Card
10164,2026-01-25,C102,Varenya Sastry,East,Kolkata,Consumer,Pen Drive,Accessories,3,700,0,2100.0,Debit Card
10165,2025-10-31,C150,Zayyan Sridhar,South,Bengaluru,Corporate,Desk,Furniture,3,12000,10,32400.0,Debit Card
10166,2025-08-09,C159,Nandini Swamy,South,Bengaluru,Home Office,Mouse,Electronics,4,900,0,3600.0,Debit Card
10167,2025-07-26,C167,Max Dixit,West,Mumbai,Corporate,Monitor,Electronics,4,14000,10,50400.0,UPI
10168,2026-04-21,C127,Frederick Kothari,South,Chennai,Consumer,Laptop,Electronics,1,55000,10,49500.0,UPI
10169,2025-08-11,C117,Upkaar Virk,West,Mumbai,Corporate,Pen Drive,Accessories,2,700,15,1190.0,Net Banking
10170,2025-11-15,C168,Chameli Sanghvi,East,Kolkata,Consumer,Webcam,Accessories,2,2800,15,4760.0,Cash
10171,2025-10-18,C056,Hardik Johal,East,Kolkata,Corporate,Headphones,Electronics,1,3200,10,2880.0,Cash
10172,2026-02-12,C140,Finn Dugar,West,Mumbai,Home Office,Printer,Electronics,1,9500,10,8550.0,Debit Card
10173,2025-09-24,C032,Naksh Agate,South,Hyderabad,Corporate,Office Chair,Furniture,3,8500,5,24225.0,UPI
10174,2025-11-25,C086,Bishakha Bali,West,Mumbai,Consumer,Webcam,Accessories,1,2800,0,2800.0,Credit Card
10175,2025-09-21,C151,Sudiksha Bobal,West,Mumbai,Consumer,Monitor,Electronics,5,14000,5,66500.0,Credit Card
10176,2026-03-07,C071,Rudra Sandal,North,Delhi,Consumer,Keyboard,Electronics,5,1800,0,9000.0,Credit Card
10177,2025-08-10,C034,Manthan Lata,West,Pune,Consumer,Keyboard,Electronics,1,1800,0,1800.0,Debit Card
10178,2026-04-27,C045,Darpan Gandhi,West,Mumbai,Corporate,Webcam,Accessories,3,2800,0,8400.0,UPI
10179,2026-04-15,C017,Reva Dash,South,Chennai,Corporate,Office Chair,Furniture,5,8500,0,42500.0,Cash
10180,2025-12-17,C116,Neha Magar,North,Delhi,Home Office,Pen Drive,Accessories,5,700,0,3500.0,Credit Card
10181,2025-12-29,C165,Raksha Buch,South,Hyderabad,Consumer,Pen Drive,Accessories,3,700,15,1785.0,UPI
10182,2026-02-02,C126,Ekantika Krishna,West,Ahmedabad,Home Office,Office Chair,Furniture,4,8500,0,34000.0,Cash
10183,2025-07-08,C017,Ansh Luthra,South,Bengaluru,Consumer,Monitor,Electronics,3,14000,5,39900.0,Debit Card
10184,2026-01-25,C117,Upma Venkataraman,North,Delhi,Home Office,Office Chair,Furniture,5,8500,10,38250.0,Net Banking
10185,2026-02-22,C111,Pratyush Sarin,East,Kolkata,Corporate,Monitor,Electronics,1,14000,5,13300.0,Credit Card
10186,2026-02-16,C107,Gavin Singhal,East,Kolkata,Home Office,Printer,Electronics,4,9500,15,32300.0,UPI
10187,2025-11-03,C096,Ekani Cheema,North,Delhi,Consumer,Office Chair,Furniture,3,8500,10,22950.0,Cash
10188,2026-05-08,C111,Nisha Tandon,South,Bengaluru,Consumer,Monitor,Electronics,1,14000,0,14000.0,Debit Card
10189,2025-10-12,C172,Balhaar Sha,South,Chennai,Consumer,Pen Drive,Accessories,1,700,10,630.0,Cash
10190,2025-07-31,C154,Ekiya D’Alia,North,Delhi,Corporate,Office Chair,Furniture,1,8500,10,7650.0,Debit Card
10191,2026-06-19,C040,Yoshita Agarwal,South,Bengaluru,Home Office,Webcam,Accessories,5,2800,5,13300.0,Cash
10192,2026-02-24,C030,Odika Bhagat,West,Mumbai,Corporate,Monitor,Electronics,3,14000,10,37800.0,Net Banking
10193,2025-09-05,C156,Wishi Sathe,West,Mumbai,Home Office,Office Chair,Furniture,5,8500,0,42500.0,Debit Card
10194,2026-04-03,C087,Amara Deep,South,Hyderabad,Corporate,Keyboard,Electronics,3,1800,10,4860.0,UPI
10195,2026-06-03,C018,Vedhika Dara,South,Chennai,Consumer,Keyboard,Electronics,5,1800,15,7650.0,UPI
10196,2025-07-09,C108,Nathan Mukhopadhyay,South,Bengaluru,Corporate,Pen Drive,Accessories,2,700,15,1190.0,Debit Card
10197,2026-01-16,C146,Girik Kar,South,Chennai,Home Office,Printer,Electronics,3,9500,10,25650.0,UPI
10198,2026-06-27,C173,Triya Dalal,South,Hyderabad,Consumer,Keyboard,Electronics,2,1800,0,3600.0,Debit Card
10199,2026-02-21,C107,Wishi Manne,West,Ahmedabad,Corporate,Office Chair,Furniture,4,8500,15,28900.0,Credit Card
10200,2026-01-01,C073,Ojasvi Subramanian,South,Bengaluru,Home Office,Printer,Electronics,4,9500,0,38000.0,Net Banking
10201,2026-06-22,C057,Tanmayi Dhillon,West,Ahmedabad,Corporate,Pen Drive,Accessories,3,700,0,2100.0,Net Banking
10202,2025-11-16,C055,Ekaraj Majumdar,South,Hyderabad,Consumer,Laptop,Electronics,2,55000,10,99000.0,Debit Card
10203,2026-04-07,C128,Harini Tripathi,West,Pune,Home Office,Printer,Electronics,1,9500,0,9500.0,Cash
10204,2025-10-04,C129,Barkha Misra,South,Chennai,Home Office,Keyboard,Electronics,4,1800,5,6840.0,Debit Card
10205,2026-05-01,C005,Manthan Sekhon,South,Bengaluru,Corporate,Office Chair,Furniture,1,8500,15,7225.0,UPI
10206,2026-01-12,C164,Gaurangi Purohit,North,Delhi,Corporate,Webcam,Accessories,4,2800,15,9520.0,Debit Card
10207,2025-12-12,C044,Ranbir Khare,South,Bengaluru,Home Office,Office Chair,Furniture,1,8500,10,7650.0,Cash
10208,2026-01-24,C063,Nirja Bassi,North,Delhi,Corporate,Monitor,Electronics,4,14000,0,56000.0,Net Banking
10209,2025-10-23,C080,Lakshmi Raju,East,Kolkata,Home Office,Pen Drive,Accessories,1,700,15,595.0,Debit Card
10210,2026-06-25,C131,Warhi Bansal,West,Mumbai,Home Office,Printer,Electronics,2,9500,0,19000.0,UPI
10211,2025-08-14,C061,Harish Sarraf,West,Mumbai,Consumer,Printer,Electronics,3,9500,5,27075.0,Credit Card
10212,2025-08-04,C168,Alexander Dhawan,West,Pune,Consumer,Mouse,Electronics,2,900,5,1710.0,Credit Card
10213,2025-11-26,C175,Falan Singh,West,Ahmedabad,Home Office,Desk,Furniture,5,12000,15,51000.0,Net Banking
10214,2026-04-11,C018,Hamsini Rao,North,Delhi,Corporate,Printer,Electronics,2,9500,15,16150.0,Cash
10215,2026-02-21,C091,Lajita Nadig,West,Pune,Home Office,Headphones,Electronics,5,3200,0,16000.0,UPI
10216,2026-02-13,C015,Balendra Biswas,West,Pune,Corporate,Desk,Furniture,4,12000,0,48000.0,Debit Card
10217,2025-09-22,C119,Utkarsh Chana,South,Bengaluru,Home Office,Monitor,Electronics,5,14000,15,59500.0,Net Banking
10218,2025-12-04,C083,Harish Sawhney,South,Hyderabad,Home Office,Desk,Furniture,5,12000,5,57000.0,Cash
10219,2025-08-28,C088,Ayush Batra,South,Chennai,Home Office,Laptop,Electronics,4,55000,0,220000.0,UPI
10220,2025-10-25,C113,Chaaya Parmer,South,Chennai,Home Office,Laptop,Electronics,2,55000,15,93500.0,Net Banking
10221,2025-11-13,C100,Yash Wali,South,Chennai,Corporate,Printer,Electronics,3,9500,10,25650.0,Debit Card
10222,2025-11-26,C025,Onkar Gill,South,Hyderabad,Home Office,Printer,Electronics,1,9500,10,8550.0,Cash
10223,2025-07-27,C086,Wridesh Tank,West,Pune,Consumer,Headphones,Electronics,5,3200,5,15200.0,Net Banking
10224,2026-05-29,C034,Vincent Shenoy,South,Chennai,Home Office,Printer,Electronics,3,9500,15,24225.0,UPI
10225,2026-02-17,C033,Aadhya Andra,West,Pune,Home Office,Pen Drive,Accessories,4,700,10,2520.0,Net Banking
10226,2026-05-24,C005,Bhavna Dugar,South,Bengaluru,Corporate,Office Chair,Furniture,5,8500,10,38250.0,Debit Card
10227,2025-07-26,C050,Chandani Samra,South,Chennai,Consumer,Mouse,Electronics,3,900,15,2295.0,Credit Card
10228,2026-03-08,C130,Chasmum Issac,South,Chennai,Home Office,Monitor,Electronics,3,14000,0,42000.0,Net Banking
10229,2026-06-29,C153,Hredhaan Khalsa,South,Hyderabad,Corporate,Printer,Electronics,5,9500,5,45125.0,Credit Card
10230,2025-11-15,C113,Chakrika Merchant,South,Chennai,Consumer,Keyboard,Electronics,5,1800,5,8550.0,Cash
10231,2025-07-07,C115,Anvi Anand,North,Delhi,Consumer,Mouse,Electronics,4,900,10,3240.0,Net Banking
10232,2026-01-22,C095,Watika Mangat,West,Mumbai,Home Office,Headphones,Electronics,4,3200,5,12160.0,Net Banking
10233,2026-04-08,C129,Indira Kanda,West,Ahmedabad,Home Office,Desk,Furniture,3,12000,15,30600.0,Cash
10234,2026-02-17,C065,Laksh Chatterjee,South,Chennai,Consumer,Mouse,Electronics,5,900,5,4275.0,Cash
10235,2026-05-25,C073,Dayamai Sastry,North,Delhi,Consumer,Pen Drive,Accessories,1,700,0,700.0,Credit Card
10236,2025-07-11,C112,Karan Chana,West,Pune,Consumer,Desk,Furniture,5,12000,5,57000.0,Credit Card
10237,2026-05-27,C014,Ojasvi Gill,West,Ahmedabad,Corporate,Printer,Electronics,1,9500,15,8075.0,Net Banking
10238,2025-09-10,C096,Yachana Mahajan,North,Delhi,Consumer,Mouse,Electronics,4,900,0,3600.0,UPI
10239,2026-04-28,C036,Vasatika Merchant,North,Delhi,Consumer,Monitor,Electronics,3,14000,5,39900.0,Debit Card
10240,2026-03-29,C158,Ishwar Sidhu,West,Ahmedabad,Consumer,Keyboard,Electronics,4,1800,15,6120.0,UPI
10241,2026-06-16,C141,Upkaar Ranganathan,South,Hyderabad,Home Office,Headphones,Electronics,2,3200,5,6080.0,Net Banking
10242,2026-06-18,C078,Gautam Rana,East,Kolkata,Consumer,Monitor,Electronics,3,14000,5,39900.0,UPI
10243,2025-07-04,C017,Suhani Pillay,West,Mumbai,Consumer,Office Chair,Furniture,5,8500,15,36125.0,Cash
10244,2026-03-02,C037,Lakshmi Prabhu,South,Hyderabad,Corporate,Pen Drive,Accessories,5,700,5,3325.0,Cash
10245,2025-08-07,C147,Urishilla Bakshi,South,Hyderabad,Corporate,Webcam,Accessories,3,2800,5,7980.0,Credit Card
10246,2026-02-10,C135,Timothy Bhatnagar,South,Bengaluru,Home Office,Pen Drive,Accessories,3,700,0,2100.0,Net Banking
10247,2026-02-16,C163,Chasmum Rege,South,Hyderabad,Corporate,Office Chair,Furniture,4,8500,0,34000.0,Debit Card
10248,2025-08-10,C089,Baljiwan Modi,West,Pune,Consumer,Laptop,Electronics,3,55000,0,165000.0,UPI
10249,2026-06-28,C140,Gunbir Keer,North,Delhi,Corporate,Keyboard,Electronics,1,1800,10,1620.0,Credit Card
10250,2026-05-19,C017,Lipika Setty,West,Ahmedabad,Home Office,Desk,Furniture,2,12000,5,22800.0,Cash
10251,2025-11-11,C052,Mohammed Sachdeva,South,Hyderabad,Consumer,Headphones,Electronics,2,3200,0,6400.0,Debit Card
10252,2026-02-23,C065,Nikita Mammen,West,Pune,Consumer,Pen Drive,Accessories,4,700,15,2380.0,Credit Card
10253,2025-07-10,C070,Teerth Sawhney,West,Pune,Consumer,Printer,Electronics,1,9500,10,8550.0,Debit Card
10254,2025-12-08,C087,Janani Chaudhary,East,Kolkata,Consumer,Office Chair,Furniture,4,8500,15,28900.0,Cash
10255,2026-06-23,C022,Jagrati Bhat,West,Ahmedabad,Home Office,Printer,Electronics,5,9500,10,42750.0,Cash
10256,2025-11-21,C140,Jason Sha,South,Bengaluru,Corporate,Office Chair,Furniture,5,8500,5,40375.0,Debit Card
10257,2025-08-01,C079,Ansh Bedi,South,Bengaluru,Corporate,Monitor,Electronics,3,14000,10,37800.0,Net Banking
10258,2026-04-12,C115,Jeremiah Jha,East,Kolkata,Consumer,Keyboard,Electronics,4,1800,10,6480.0,Debit Card
10259,2025-07-24,C172,Tarak Kaul,East,Kolkata,Home Office,Headphones,Electronics,1,3200,0,3200.0,Cash
10260,2025-10-27,C037,Aarnav Malhotra,North,Delhi,Home Office,Pen Drive,Accessories,2,700,0,1400.0,Cash
10261,2026-05-09,C166,Kalpit Zachariah,South,Hyderabad,Corporate,Keyboard,Electronics,1,1800,5,1710.0,Debit Card
10262,2025-09-28,C174,Imaran Bal,East,Kolkata,Corporate,Webcam,Accessories,1,2800,5,2660.0,Debit Card
10263,2025-08-16,C136,Wazir Naik,North,Delhi,Corporate,Desk,Furniture,1,12000,5,11400.0,Cash
10264,2025-07-04,C007,Charles Date,North,Delhi,Home Office,Headphones,Electronics,2,3200,0,6400.0,Credit Card
10265,2026-03-27,C068,Devansh Soni,West,Ahmedabad,Corporate,Pen Drive,Accessories,4,700,0,2800.0,Cash
10266,2025-12-10,C052,Yochana Chopra,West,Mumbai,Consumer,Webcam,Accessories,3,2800,15,7140.0,Credit Card
10267,2025-12-11,C023,Caleb Verma,South,Bengaluru,Home Office,Desk,Furniture,2,12000,15,20400.0,Debit Card
10268,2025-10-17,C077,Darsh Srinivas,North,Delhi,Consumer,Monitor,Electronics,5,14000,10,63000.0,Credit Card
10269,2026-05-05,C052,Hritik Swaminathan,North,Delhi,Consumer,Pen Drive,Accessories,2,700,0,1400.0,Credit Card
10270,2026-03-16,C120,Ethan Buch,West,Ahmedabad,Home Office,Laptop,Electronics,3,55000,10,148500.0,Credit Card
10271,2025-10-24,C123,Dominic Date,South,Bengaluru,Home Office,Monitor,Electronics,3,14000,15,35700.0,Cash
10272,2025-10-07,C082,Lakshmi Wali,East,Kolkata,Home Office,Webcam,Accessories,1,2800,5,2660.0,UPI
10273,2025-10-14,C033,Hardik Contractor,West,Ahmedabad,Home Office,Desk,Furniture,5,12000,10,54000.0,Net Banking
10274,2026-05-07,C032,Qushi Seth,South,Chennai,Home Office,Keyboard,Electronics,4,1800,0,7200.0,Credit Card
10275,2026-05-20,C058,Harinakshi Setty,West,Pune,Corporate,Keyboard,Electronics,2,1800,10,3240.0,Net Banking
10276,2025-11-21,C163,Dhriti Sane,West,Pune,Home Office,Monitor,Electronics,3,14000,5,39900.0,Debit Card
10277,2025-10-21,C129,Kavya Dua,South,Chennai,Home Office,Headphones,Electronics,5,3200,0,16000.0,Credit Card
10278,2026-03-07,C145,Ekalinga Chand,South,Chennai,Consumer,Keyboard,Electronics,5,1800,10,8100.0,UPI
10279,2026-04-29,C167,Rachana Char,South,Bengaluru,Consumer,Laptop,Electronics,5,55000,10,247500.0,Net Banking
10280,2026-03-28,C161,Kalpit Bhasin,East,Kolkata,Home Office,Webcam,Accessories,1,2800,15,2380.0,Debit Card
10281,2026-01-29,C077,Jason Roy,West,Pune,Corporate,Desk,Furniture,2,12000,15,20400.0,UPI
10282,2025-11-05,C124,Charan Mani,South,Hyderabad,Corporate,Keyboard,Electronics,4,1800,15,6120.0,Credit Card
10283,2026-02-03,C082,Hemang Tripathi,North,Delhi,Home Office,Webcam,Accessories,2,2800,10,5040.0,Debit Card
10284,2025-09-14,C082,Udarsh Chokshi,East,Kolkata,Consumer,Keyboard,Electronics,3,1800,0,5400.0,Cash
10285,2025-11-04,C037,Ishwar Mallick,South,Bengaluru,Consumer,Headphones,Electronics,4,3200,5,12160.0,UPI
10286,2026-01-25,C064,Atharv Loke,West,Pune,Consumer,Office Chair,Furniture,5,8500,15,36125.0,Debit Card
10287,2025-07-09,C132,Dayamai Nori,North,Delhi,Corporate,Mouse,Electronics,2,900,15,1530.0,Cash
10288,2025-11-04,C101,Luke Rattan,West,Pune,Home Office,Desk,Furniture,1,12000,0,12000.0,Cash
10289,2025-07-24,C013,Gavin Wali,West,Mumbai,Consumer,Mouse,Electronics,5,900,10,4050.0,Debit Card
10290,2025-09-15,C138,Sudiksha Om,West,Ahmedabad,Consumer,Webcam,Accessories,4,2800,10,10080.0,UPI
10291,2025-08-25,C104,Ekta Chad,East,Kolkata,Corporate,Keyboard,Electronics,3,1800,10,4860.0,UPI
10292,2026-05-18,C093,Nakul Bawa,East,Kolkata,Home Office,Laptop,Electronics,5,55000,5,261250.0,Debit Card
10293,2026-03-02,C141,Saanvi Samra,South,Bengaluru,Corporate,Office Chair,Furniture,5,8500,15,36125.0,Net Banking
10294,2025-12-23,C096,Oeshi Mahajan,South,Bengaluru,Corporate,Keyboard,Electronics,1,1800,15,1530.0,Net Banking
10295,2025-09-15,C129,Hemani Sani,North,Delhi,Consumer,Keyboard,Electronics,2,1800,15,3060.0,UPI
10296,2025-08-08,C133,Darika Bath,South,Hyderabad,Corporate,Keyboard,Electronics,3,1800,15,4590.0,Credit Card
10297,2025-09-17,C042,Abhimanyu Jayaraman,South,Chennai,Corporate,Printer,Electronics,5,9500,10,42750.0,Net Banking
10298,2025-10-17,C145,Laksh Kumer,West,Pune,Corporate,Webcam,Accessories,3,2800,15,7140.0,Cash
10299,2025-10-12,C107,Abhimanyu Tank,South,Hyderabad,Home Office,Printer,Electronics,3,9500,0,28500.0,Debit Card
10300,2026-03-29,C168,Kai Rai,South,Hyderabad,Home Office,Webcam,Accessories,4,2800,10,10080.0,Net Banking
10301,2026-01-09,C044,Xiti Pandya,West,Mumbai,Home Office,Laptop,Electronics,5,55000,15,233750.0,Net Banking
10302,2025-07-25,C147,Rajata Bahl,East,Kolkata,Home Office,Keyboard,Electronics,2,1800,0,3600.0,UPI
10303,2025-12-14,C108,Dhriti Sanghvi,West,Mumbai,Consumer,Laptop,Electronics,4,55000,10,198000.0,Cash
10304,2026-01-24,C016,Bimala Contractor,West,Mumbai,Home Office,Office Chair,Furniture,5,8500,15,36125.0,Credit Card
10305,2025-11-24,C135,Onveer Sharma,West,Mumbai,Corporate,Pen Drive,Accessories,3,700,15,1785.0,Debit Card
10306,2026-04-29,C140,Gaurang Sarkar,South,Chennai,Corporate,Desk,Furniture,5,12000,10,54000.0,Debit Card
10307,2026-05-04,C143,Rajata Rattan,West,Ahmedabad,Corporate,Mouse,Electronics,2,900,10,1620.0,Credit Card
10308,2026-01-06,C082,Dayita Nori,West,Pune,Corporate,Headphones,Electronics,2,3200,15,5440.0,Debit Card
10309,2025-09-18,C102,Faraj Uppal,West,Pune,Corporate,Headphones,Electronics,1,3200,15,2720.0,Credit Card
10310,2026-02-15,C089,Ikshita Panchal,West,Pune,Corporate,Laptop,Electronics,3,55000,0,165000.0,Debit Card
10311,2026-03-22,C144,Warinder Chauhan,West,Ahmedabad,Home Office,Mouse,Electronics,2,900,10,1620.0,Debit Card
10312,2025-08-21,C063,Oscar Dua,South,Chennai,Consumer,Monitor,Electronics,5,14000,5,66500.0,Net Banking
10313,2026-04-03,C106,Peter Tak,West,Mumbai,Corporate,Mouse,Electronics,1,900,0,900.0,Cash
10314,2025-12-15,C105,Ekantika Mutti,South,Bengaluru,Home Office,Keyboard,Electronics,1,1800,5,1710.0,Cash
10315,2025-08-23,C074,Upasna Sathe,West,Ahmedabad,Home Office,Mouse,Electronics,3,900,10,2430.0,UPI
10316,2026-02-15,C045,Daksh Pandey,South,Bengaluru,Corporate,Webcam,Accessories,2,2800,0,5600.0,Credit Card
10317,2025-12-31,C075,Triya Seth,South,Hyderabad,Consumer,Office Chair,Furniture,4,8500,5,32300.0,UPI
10318,2025-07-12,C086,Bhavini Bose,West,Pune,Corporate,Webcam,Accessories,5,2800,0,14000.0,Cash
10319,2026-02-19,C070,Yashica Rajagopalan,West,Ahmedabad,Consumer,Keyboard,Electronics,5,1800,15,7650.0,UPI
10320,2025-12-15,C048,Shivani Guha,North,Delhi,Consumer,Keyboard,Electronics,4,1800,10,6480.0,Debit Card
10321,2025-10-24,C157,Yachana Dora,West,Pune,Home Office,Webcam,Accessories,2,2800,5,5320.0,Cash
10322,2026-06-14,C103,Harshil Oza,East,Kolkata,Home Office,Pen Drive,Accessories,3,700,0,2100.0,UPI
10323,2026-06-23,C064,Yamini Gera,South,Chennai,Consumer,Keyboard,Electronics,4,1800,10,6480.0,Debit Card
10324,2025-07-13,C085,Reva Viswanathan,East,Kolkata,Corporate,Mouse,Electronics,4,900,10,3240.0,Net Banking
10325,2026-01-06,C016,Januja Pradhan,South,Hyderabad,Home Office,Headphones,Electronics,3,3200,5,9120.0,UPI
10326,2026-05-30,C176,Nilima Nigam,West,Ahmedabad,Home Office,Headphones,Electronics,2,3200,15,5440.0,Debit Card
10327,2026-03-04,C057,Gaurika Bhatti,South,Bengaluru,Consumer,Headphones,Electronics,3,3200,5,9120.0,Cash
10328,2025-10-27,C107,Bhanumati Krishnan,South,Chennai,Home Office,Desk,Furniture,5,12000,10,54000.0,Net Banking
10329,2026-03-20,C175,Gauri Bumb,West,Ahmedabad,Home Office,Pen Drive,Accessories,2,700,5,1330.0,UPI
10330,2026-01-28,C145,Inaya Mukherjee,West,Ahmedabad,Consumer,Pen Drive,Accessories,3,700,0,2100.0,UPI
10331,2026-06-18,C043,Kai Chad,West,Mumbai,Corporate,Webcam,Accessories,5,2800,5,13300.0,Net Banking
10332,2025-10-20,C024,Falguni Datta,West,Ahmedabad,Home Office,Monitor,Electronics,2,14000,15,23800.0,Cash
10333,2026-03-01,C117,Pallavi Trivedi,South,Hyderabad,Home Office,Desk,Furniture,2,12000,15,20400.0,UPI
10334,2025-11-08,C066,Dayamai Gole,West,Ahmedabad,Consumer,Headphones,Electronics,1,3200,15,2720.0,Credit Card
10335,2026-06-12,C180,Vedika Handa,South,Bengaluru,Consumer,Laptop,Electronics,4,55000,10,198000.0,Net Banking
10336,2025-09-19,C074,Mohammed Brahmbhatt,South,Hyderabad,Corporate,Monitor,Electronics,4,14000,0,56000.0,Credit Card
10337,2025-10-15,C115,Yashica Zacharia,South,Chennai,Corporate,Office Chair,Furniture,3,8500,15,21675.0,Cash
10338,2026-04-30,C031,Gayathri Deep,South,Bengaluru,Consumer,Pen Drive,Accessories,2,700,10,1260.0,Net Banking
10339,2026-02-02,C001,Nicholas Golla,East,Kolkata,Consumer,Pen Drive,Accessories,2,700,5,1330.0,Debit Card
10340,2026-04-29,C059,Raksha Bassi,West,Ahmedabad,Consumer,Pen Drive,Accessories,4,700,15,2380.0,Cash
10341,2025-11-26,C029,Sachi Mane,North,Delhi,Consumer,Keyboard,Electronics,3,1800,5,5130.0,Cash
10342,2026-03-31,C026,Vivaan Walla,South,Hyderabad,Home Office,Mouse,Electronics,2,900,0,1800.0,UPI
10343,2025-09-24,C012,Rishi Pillai,West,Ahmedabad,Corporate,Webcam,Accessories,1,2800,5,2660.0,Cash
10344,2026-03-04,C036,Triya Manda,West,Mumbai,Home Office,Pen Drive,Accessories,2,700,0,1400.0,Debit Card
10345,2026-04-09,C061,Neel Iyengar,West,Mumbai,Corporate,Webcam,Accessories,3,2800,10,7560.0,Credit Card
10346,2026-04-18,C016,Zashil Ben,West,Mumbai,Home Office,Office Chair,Furniture,3,8500,10,22950.0,Net Banking
10347,2026-02-18,C013,Harshil Varty,South,Chennai,Corporate,Office Chair,Furniture,5,8500,15,36125.0,Cash
10348,2026-05-06,C077,Fiyaz Dyal,North,Delhi,Corporate,Office Chair,Furniture,4,8500,5,32300.0,Credit Card
10349,2025-10-06,C037,Rajeshri Chand,West,Ahmedabad,Corporate,Mouse,Electronics,2,900,10,1620.0,UPI
10350,2026-06-10,C100,Shravya Palla,East,Kolkata,Consumer,Office Chair,Furniture,5,8500,5,40375.0,Debit Card
10351,2026-06-04,C095,Chatresh Randhawa,West,Mumbai,Consumer,Printer,Electronics,1,9500,15,8075.0,Net Banking
10352,2025-12-29,C173,Libni Bumb,West,Mumbai,Home Office,Laptop,Electronics,3,55000,15,140250.0,Net Banking
10353,2025-11-13,C123,Eiravati Chaudhary,South,Hyderabad,Consumer,Monitor,Electronics,2,14000,5,26600.0,Debit Card
10354,2026-05-02,C031,Madhav Devan,West,Pune,Home Office,Laptop,Electronics,2,55000,5,104500.0,Cash
10355,2025-07-13,C062,Liam Singh,West,Mumbai,Home Office,Webcam,Accessories,2,2800,15,4760.0,Debit Card
10356,2025-12-10,C079,Fariq Bahl,West,Pune,Corporate,Office Chair,Furniture,4,8500,10,30600.0,Debit Card
10357,2025-09-30,C082,Pallavi Choudhry,West,Ahmedabad,Consumer,Desk,Furniture,1,12000,15,10200.0,Debit Card
10358,2026-04-09,C038,Charvi Dara,North,Delhi,Consumer,Office Chair,Furniture,1,8500,5,8075.0,Debit Card
10359,2025-07-16,C085,Tanvi Bhatnagar,East,Kolkata,Consumer,Headphones,Electronics,2,3200,5,6080.0,Cash
10360,2025-08-08,C066,Amol Varma,West,Mumbai,Corporate,Desk,Furniture,5,12000,10,54000.0,Cash
10361,2026-01-25,C036,Bishakha Sanghvi,West,Ahmedabad,Home Office,Keyboard,Electronics,3,1800,5,5130.0,Net Banking
10362,2025-06-29,C135,Wridesh Saha,West,Ahmedabad,Consumer,Keyboard,Electronics,5,1800,0,9000.0,UPI
10363,2025-09-05,C162,Jalsa Bir,South,Hyderabad,Consumer,Laptop,Electronics,4,55000,5,209000.0,UPI
10364,2026-06-12,C096,Madhavi Singhal,South,Chennai,Consumer,Laptop,Electronics,2,55000,15,93500.0,Net Banking
10365,2025-07-14,C137,Kashvi Kulkarni,West,Ahmedabad,Home Office,Desk,Furniture,1,12000,0,12000.0,Cash
10366,2026-03-29,C138,Ekansh Pai,South,Hyderabad,Corporate,Laptop,Electronics,5,55000,10,247500.0,UPI
10367,2025-09-25,C135,Gaurangi Deol,East,Kolkata,Consumer,Keyboard,Electronics,1,1800,0,1800.0,Credit Card
10368,2025-07-15,C091,Parth Shetty,West,Mumbai,Corporate,Webcam,Accessories,5,2800,10,12600.0,Cash
10369,2026-06-22,C145,Qabil Deshmukh,South,Bengaluru,Consumer,Printer,Electronics,4,9500,15,32300.0,Credit Card
10370,2025-07-22,C104,Balhaar Memon,West,Pune,Corporate,Monitor,Electronics,1,14000,0,14000.0,Cash
10371,2025-09-10,C022,Benjamin Mutti,West,Ahmedabad,Corporate,Laptop,Electronics,1,55000,5,52250.0,Cash
10372,2026-06-05,C059,Urvashi Kulkarni,North,Delhi,Consumer,Webcam,Accessories,1,2800,0,2800.0,Net Banking
10373,2025-07-12,C176,Bhavika Parikh,West,Ahmedabad,Corporate,Headphones,Electronics,1,3200,0,3200.0,Net Banking
10374,2026-05-10,C054,Garima Mahajan,South,Hyderabad,Home Office,Keyboard,Electronics,3,1800,0,5400.0,Credit Card
10375,2025-08-13,C145,Rajeshri Ratta,East,Kolkata,Consumer,Monitor,Electronics,3,14000,5,39900.0,Net Banking
10376,2026-03-28,C036,Harinakshi Grover,East,Kolkata,Home Office,Pen Drive,Accessories,3,700,15,1785.0,UPI
10377,2025-12-27,C060,Jhalak Venkataraman,North,Delhi,Consumer,Laptop,Electronics,1,55000,15,46750.0,Debit Card
10378,2025-10-04,C116,Panini Brar,East,Kolkata,Corporate,Printer,Electronics,1,9500,10,8550.0,Credit Card
10379,2025-12-03,C048,Chaaya Nagi,North,Delhi,Home Office,Pen Drive,Accessories,4,700,15,2380.0,Net Banking
10380,2025-08-05,C064,Chakrika Mohan,East,Kolkata,Home Office,Monitor,Electronics,5,14000,10,63000.0,UPI
10381,2025-12-09,C163,Ojas Sawhney,South,Bengaluru,Consumer,Headphones,Electronics,2,3200,15,5440.0,Cash
10382,2025-11-04,C002,Ira Saran,North,Delhi,Corporate,Printer,Electronics,1,9500,0,9500.0,Cash
10383,2025-10-07,C023,Falan Ravi,North,Delhi,Consumer,Headphones,Electronics,1,3200,5,3040.0,Cash
10384,2025-11-08,C027,Azaan Dhar,West,Ahmedabad,Consumer,Pen Drive,Accessories,5,700,15,2975.0,UPI
10385,2026-05-05,C099,Bakhshi Date,North,Delhi,Consumer,Pen Drive,Accessories,1,700,10,630.0,Debit Card
10386,2025-07-23,C147,Janaki Rajagopal,East,Kolkata,Home Office,Office Chair,Furniture,1,8500,5,8075.0,Credit Card
10387,2026-06-11,C078,Mitesh Sengupta,East,Kolkata,Corporate,Keyboard,Electronics,2,1800,10,3240.0,Cash
10388,2026-06-11,C071,Sachi Bose,South,Chennai,Corporate,Monitor,Electronics,2,14000,15,23800.0,Debit Card
10389,2026-01-25,C064,Mitali Murthy,West,Ahmedabad,Home Office,Monitor,Electronics,3,14000,10,37800.0,Cash
10390,2026-02-21,C078,Ishaan Bal,West,Mumbai,Consumer,Desk,Furniture,1,12000,5,11400.0,Cash
10391,2026-03-25,C113,Zarna Ram,North,Delhi,Corporate,Webcam,Accessories,4,2800,10,10080.0,Cash
10392,2026-05-29,C123,Adweta Lad,South,Chennai,Corporate,Headphones,Electronics,3,3200,5,9120.0,Credit Card
10393,2026-03-13,C148,Bhavika Swaminathan,East,Kolkata,Consumer,Printer,Electronics,3,9500,15,24225.0,Debit Card
10394,2025-09-10,C030,Ethan Seth,East,Kolkata,Home Office,Headphones,Electronics,4,3200,10,11520.0,Credit Card
10395,2025-08-31,C054,Gagan Nagarajan,South,Chennai,Corporate,Pen Drive,Accessories,1,700,15,595.0,Debit Card
10396,2026-02-28,C163,Bina Mital,South,Bengaluru,Corporate,Office Chair,Furniture,4,8500,5,32300.0,Credit Card
10397,2026-05-06,C019,Janaki Trivedi,West,Pune,Corporate,Keyboard,Electronics,4,1800,15,6120.0,Net Banking
10398,2025-09-19,C140,Liam Khalsa,West,Ahmedabad,Consumer,Webcam,Accessories,4,2800,15,9520.0,Debit Card
10399,2026-04-14,C043,Jalsa Pillay,South,Bengaluru,Home Office,Monitor,Electronics,2,14000,10,25200.0,Net Banking
10400,2025-12-17,C111,Gabriel Bhatti,South,Hyderabad,Consumer,Webcam,Accessories,4,2800,10,10080.0,UPI
10401,2025-10-20,C115,Nirja Rout,South,Bengaluru,Corporate,Headphones,Electronics,2,3200,5,6080.0,Cash
10402,2026-04-26,C089,Jeremiah Nadig,West,Ahmedabad,Consumer,Webcam,Accessories,5,2800,5,13300.0,Cash
10403,2026-02-19,C030,Unnati Varughese,South,Bengaluru,Home Office,Headphones,Electronics,4,3200,0,12800.0,Credit Card
10404,2025-11-02,C053,Kai Sant,North,Delhi,Home Office,Headphones,Electronics,3,3200,15,8160.0,Cash
10405,2025-12-30,C179,Jeet Vasa,North,Delhi,Corporate,Desk,Furniture,1,12000,15,10200.0,Debit Card
10406,2025-08-24,C006,Neel Naidu,South,Bengaluru,Corporate,Headphones,Electronics,1,3200,0,3200.0,UPI
10407,2026-06-06,C142,Hiral Venkataraman,South,Chennai,Consumer,Mouse,Electronics,5,900,5,4275.0,Debit Card
10408,2026-05-22,C162,Zashil Hegde,East,Kolkata,Consumer,Desk,Furniture,2,12000,15,20400.0,Credit Card
10409,2026-02-16,C116,Jeremiah Mitter,East,Kolkata,Home Office,Office Chair,Furniture,1,8500,5,8075.0,Cash
10410,2026-02-08,C072,Yadavi Ganguly,East,Kolkata,Home Office,Laptop,Electronics,2,55000,5,104500.0,UPI
10411,2026-01-31,C084,Onveer Nazareth,South,Bengaluru,Consumer,Pen Drive,Accessories,2,700,10,1260.0,Cash
10412,2026-05-03,C153,Ayush Bumb,South,Bengaluru,Corporate,Headphones,Electronics,4,3200,10,11520.0,Net Banking
10413,2025-07-15,C091,Shivansh Saha,East,Kolkata,Corporate,Webcam,Accessories,1,2800,10,2520.0,Net Banking
10414,2026-02-10,C173,Widisha Mann,South,Chennai,Consumer,Headphones,Electronics,5,3200,0,16000.0,Debit Card
10415,2026-02-18,C047,Vasudha Konda,South,Bengaluru,Corporate,Mouse,Electronics,3,900,0,2700.0,Credit Card
10416,2026-04-19,C148,Chameli Setty,East,Kolkata,Corporate,Office Chair,Furniture,5,8500,5,40375.0,Cash
10417,2025-07-25,C143,Nakul Sarraf,South,Chennai,Consumer,Desk,Furniture,5,12000,5,57000.0,Cash
10418,2025-11-28,C116,Samar Oak,West,Pune,Home Office,Keyboard,Electronics,2,1800,10,3240.0,UPI
10419,2026-02-06,C050,Eiravati Pai,North,Delhi,Corporate,Laptop,Electronics,4,55000,5,209000.0,Net Banking
10420,2026-06-20,C114,Kamala Varma,West,Ahmedabad,Corporate,Office Chair,Furniture,4,8500,15,28900.0,Credit Card
10421,2026-01-20,C075,Wyatt Shukla,South,Bengaluru,Consumer,Webcam,Accessories,1,2800,5,2660.0,Debit Card
10422,2025-08-12,C118,Yug Dhaliwal,West,Mumbai,Home Office,Pen Drive,Accessories,3,700,5,1995.0,Cash
10423,2025-08-03,C140,Leena Sahota,South,Bengaluru,Corporate,Webcam,Accessories,1,2800,10,2520.0,Net Banking
10424,2025-09-27,C109,Falak Munshi,South,Hyderabad,Consumer,Desk,Furniture,5,12000,5,57000.0,Credit Card
10425,2025-09-06,C090,Wishi Varma,West,Pune,Consumer,Laptop,Electronics,4,55000,10,198000.0,Cash
10426,2025-12-16,C157,Widisha Bajaj,South,Bengaluru,Home Office,Mouse,Electronics,2,900,10,1620.0,Cash
10427,2025-07-31,C053,Yashasvi Shankar,South,Chennai,Consumer,Webcam,Accessories,2,2800,5,5320.0,Net Banking
10428,2026-06-17,C083,Ira Bava,North,Delhi,Home Office,Pen Drive,Accessories,3,700,5,1995.0,Debit Card
10429,2025-07-17,C035,Upma Mangal,West,Pune,Corporate,Webcam,Accessories,3,2800,0,8400.0,UPI
10430,2026-01-11,C038,Raagini Desai,West,Pune,Home Office,Keyboard,Electronics,2,1800,5,3420.0,Debit Card
10431,2026-05-17,C148,Neha Pau,West,Mumbai,Home Office,Office Chair,Furniture,4,8500,5,32300.0,Debit Card
10432,2025-07-15,C163,Robert Patil,East,Kolkata,Consumer,Office Chair,Furniture,4,8500,0,34000.0,Cash
10433,2026-01-17,C084,Libni Thaman,West,Pune,Home Office,Printer,Electronics,4,9500,15,32300.0,UPI
10434,2025-12-10,C137,Jagat Dave,South,Bengaluru,Corporate,Desk,Furniture,3,12000,0,36000.0,Credit Card
10435,2026-06-20,C083,Kashvi Nori,East,Kolkata,Corporate,Mouse,Electronics,4,900,10,3240.0,Debit Card
10436,2026-01-19,C175,Maanas Issac,South,Chennai,Consumer,Webcam,Accessories,4,2800,10,10080.0,UPI
10437,2026-02-04,C041,Xiti Baria,South,Bengaluru,Corporate,Desk,Furniture,1,12000,0,12000.0,Cash
10438,2025-07-15,C167,Gauri Som,South,Hyderabad,Corporate,Office Chair,Furniture,2,8500,5,16150.0,Credit Card
10439,2026-01-05,C022,Yutika Dey,West,Pune,Corporate,Monitor,Electronics,3,14000,10,37800.0,Credit Card
10440,2025-10-27,C110,Nicholas Ramaswamy,South,Hyderabad,Home Office,Office Chair,Furniture,3,8500,5,24225.0,UPI
10441,2026-06-26,C020,Gayathri Tripathi,South,Bengaluru,Consumer,Laptop,Electronics,2,55000,15,93500.0,Net Banking
10442,2026-04-28,C003,Chandani Soman,West,Mumbai,Home Office,Pen Drive,Accessories,4,700,0,2800.0,Debit Card
10443,2026-04-23,C019,Garima Choudhary,South,Bengaluru,Consumer,Office Chair,Furniture,2,8500,15,14450.0,Cash
10444,2026-06-22,C095,Avi Som,South,Bengaluru,Corporate,Monitor,Electronics,1,14000,10,12600.0,Credit Card
10445,2025-10-04,C136,Charan Srinivasan,East,Kolkata,Home Office,Keyboard,Electronics,2,1800,0,3600.0,UPI
10446,2025-08-30,C161,Manbir Kibe,South,Chennai,Home Office,Desk,Furniture,3,12000,5,34200.0,Credit Card
10447,2025-07-10,C023,Rayaan Bahl,East,Kolkata,Consumer,Webcam,Accessories,4,2800,5,10640.0,Credit Card
10448,2025-12-07,C110,Max Sachar,South,Bengaluru,Corporate,Webcam,Accessories,4,2800,10,10080.0,Credit Card
10449,2026-03-08,C142,Yachana Sinha,West,Mumbai,Home Office,Headphones,Electronics,1,3200,5,3040.0,Net Banking
10450,2026-05-14,C133,Lakshit Venkataraman,West,Pune,Home Office,Laptop,Electronics,3,55000,5,156750.0,Net Banking
10451,2025-09-12,C062,Vanya Vora,West,Mumbai,Corporate,Office Chair,Furniture,3,8500,0,25500.0,Cash
10452,2025-11-13,C136,Tripti Walia,South,Bengaluru,Consumer,Mouse,Electronics,4,900,0,3600.0,Debit Card
10453,2025-11-01,C094,Aishani Sule,North,Delhi,Home Office,Keyboard,Electronics,4,1800,15,6120.0,Credit Card
10454,2025-09-07,C004,Arya Misra,West,Ahmedabad,Corporate,Monitor,Electronics,1,14000,0,14000.0,Credit Card
10455,2025-09-19,C161,Bhavya Johal,South,Hyderabad,Home Office,Laptop,Electronics,4,55000,10,198000.0,Net Banking
10456,2026-03-08,C164,Edhitha Srinivasan,East,Kolkata,Home Office,Office Chair,Furniture,4,8500,0,34000.0,Net Banking
10457,2025-11-03,C021,Bhavna Dara,South,Chennai,Home Office,Headphones,Electronics,1,3200,10,2880.0,Credit Card
10458,2026-01-24,C151,Megha Pai,South,Chennai,Home Office,Pen Drive,Accessories,3,700,15,1785.0,UPI
10459,2026-06-13,C063,Bina Basak,West,Pune,Consumer,Office Chair,Furniture,2,8500,0,17000.0,Cash
10460,2025-10-12,C080,Hiral Sathe,South,Bengaluru,Home Office,Desk,Furniture,5,12000,0,60000.0,Credit Card
10461,2026-02-24,C042,Tanish Jaggi,South,Bengaluru,Corporate,Laptop,Electronics,2,55000,0,110000.0,Debit Card
10462,2026-04-28,C069,Anita Devan,West,Pune,Home Office,Keyboard,Electronics,3,1800,5,5130.0,UPI
10463,2025-08-07,C135,Xavier Bedi,South,Hyderabad,Consumer,Printer,Electronics,4,9500,10,34200.0,Debit Card
10464,2026-03-01,C015,Viraj Ben,South,Bengaluru,Corporate,Desk,Furniture,4,12000,10,43200.0,Net Banking
10465,2025-08-04,C027,Urmi Chaudhry,South,Chennai,Home Office,Printer,Electronics,2,9500,10,17100.0,UPI
10466,2026-03-05,C004,Abdul Dugar,West,Mumbai,Consumer,Pen Drive,Accessories,1,700,0,700.0,UPI
10467,2025-11-24,C046,Vansha Iyengar,West,Ahmedabad,Consumer,Printer,Electronics,4,9500,5,36100.0,Net Banking
10468,2026-04-01,C107,Ekani Mangal,East,Kolkata,Home Office,Mouse,Electronics,3,900,5,2565.0,Debit Card
10469,2026-02-20,C031,Vincent Warrior,West,Pune,Home Office,Monitor,Electronics,5,14000,10,63000.0,UPI
10470,2026-03-26,C103,Parth Sahni,South,Chennai,Consumer,Mouse,Electronics,5,900,0,4500.0,Cash
10471,2026-05-17,C142,Balhaar Ranganathan,West,Pune,Corporate,Headphones,Electronics,3,3200,0,9600.0,UPI
10472,2026-04-13,C160,Bimala Barad,North,Delhi,Consumer,Mouse,Electronics,3,900,10,2430.0,Cash
10473,2025-07-02,C140,Gautami Mane,North,Delhi,Consumer,Webcam,Accessories,4,2800,5,10640.0,Credit Card
10474,2025-12-12,C139,Krish Thaman,South,Hyderabad,Corporate,Office Chair,Furniture,1,8500,5,8075.0,UPI
10475,2025-12-17,C027,Isaiah Narayanan,North,Delhi,Consumer,Laptop,Electronics,4,55000,10,198000.0,Net Banking
10476,2025-08-27,C037,Aarini Grewal,West,Mumbai,Home Office,Office Chair,Furniture,4,8500,0,34000.0,Debit Card
10477,2025-07-04,C180,Chakrika Hans,South,Bengaluru,Corporate,Laptop,Electronics,2,55000,15,93500.0,Cash
10478,2025-09-01,C164,Prisha Varma,South,Bengaluru,Corporate,Webcam,Accessories,1,2800,5,2660.0,UPI
10479,2025-10-27,C075,Girish Goyal,South,Hyderabad,Corporate,Office Chair,Furniture,2,8500,5,16150.0,Debit Card
10480,2026-06-23,C070,Ekiya Kothari,East,Kolkata,Consumer,Printer,Electronics,3,9500,15,24225.0,UPI
10481,2025-07-01,C040,Warinder Sekhon,West,Mumbai,Consumer,Keyboard,Electronics,5,1800,0,9000.0,Credit Card
10482,2026-03-31,C031,Chasmum Apte,West,Ahmedabad,Home Office,Desk,Furniture,3,12000,15,30600.0,Debit Card
10483,2025-10-02,C068,Warinder Bhatia,West,Mumbai,Consumer,Desk,Furniture,3,12000,15,30600.0,UPI
10484,2026-02-28,C056,Damyanti Dutta,South,Chennai,Corporate,Headphones,Electronics,5,3200,0,16000.0,Credit Card
10485,2025-11-24,C132,Jacob Merchant,South,Bengaluru,Consumer,Mouse,Electronics,3,900,15,2295.0,Debit Card
10486,2025-11-10,C116,Theodore Deol,West,Pune,Home Office,Keyboard,Electronics,1,1800,15,1530.0,Net Banking
10487,2025-12-21,C036,Kashvi Sagar,West,Mumbai,Consumer,Monitor,Electronics,4,14000,0,56000.0,UPI
10488,2026-03-12,C103,Tejas Kota,South,Hyderabad,Corporate,Mouse,Electronics,2,900,5,1710.0,UPI
10489,2026-03-05,C051,Sanya Wable,West,Pune,Home Office,Monitor,Electronics,1,14000,0,14000.0,Cash
10490,2026-03-13,C011,Isaac Bhatia,South,Chennai,Corporate,Monitor,Electronics,3,14000,0,42000.0,UPI
10491,2026-04-28,C128,Mason Gala,South,Chennai,Consumer,Webcam,Accessories,4,2800,15,9520.0,Cash
10492,2025-10-27,C048,Jackson Jha,East,Kolkata,Corporate,Keyboard,Electronics,3,1800,5,5130.0,Debit Card
10493,2026-03-18,C166,Gavin Uppal,West,Ahmedabad,Corporate,Keyboard,Electronics,1,1800,5,1710.0,Cash
10494,2025-12-09,C023,Sudiksha Deo,East,Kolkata,Corporate,Pen Drive,Accessories,4,700,0,2800.0,Cash
10495,2026-01-02,C162,Dalbir Shere,South,Chennai,Home Office,Office Chair,Furniture,2,8500,5,16150.0,UPI
10496,2026-03-02,C089,Anthony Randhawa,East,Kolkata,Home Office,Printer,Electronics,4,9500,15,32300.0,Net Banking
10497,2025-09-30,C007,Tejas Bora,North,Delhi,Corporate,Office Chair,Furniture,3,8500,5,24225.0,Net Banking
10498,2025-07-15,C121,Devansh Bhasin,West,Mumbai,Home Office,Laptop,Electronics,3,55000,0,165000.0,Debit Card
10499,2026-06-06,C169,Urmi Balay,West,Mumbai,Consumer,Keyboard,Electronics,1,1800,5,1710.0,Debit Card
10500,2025-10-12,C091,Krishna Salvi,South,Hyderabad,Consumer,Mouse,Electronics,5,900,15,3825.0,Credit Card
10011,2026-03-13,C042,Vedant Mann,South,Bengaluru,Corporate,Webcam,Accessories,2,2800,5,5320.0,Cash
10026,2026-03-04,C055,Amara Oak,South,Chennai,Home Office,Headphones,Electronics,5,3200,15,13600.0,Credit Card
10101,2026-01-15,C087,Daksha Mangat,West,Ahmedabad,Consumer,Webcam,Accessories,5,2800,15,11900.0,Cash
